{
  "run_index": 3,
  "best_val_f1": 0.737215518951416,
  "test_acc": 0.8920084834098816,
  "test_f1": 0.6396270394325256,
  "test_prec": 0.6106239557266235,
  "test_rec": 0.7185904383659363,
  "train_time": 206.33572915600234,
  "test_time": 0.9593406780004443,
  "total_time": 207.2950698340028,
  "mem_mb": 2172.7734375
}