{
  "run_index": 1,
  "best_val_f1": 0.5300648808479309,
  "test_acc": 0.9151615500450134,
  "test_f1": 0.4778508245944977,
  "test_prec": 0.4575807750225067,
  "test_rec": 0.5,
  "train_time": 34.99674586099718,
  "test_time": 0.18162386199401226,
  "total_time": 35.17836972299119,
  "mem_mb": 1228.93359375
}