{
  "run_index": 4,
  "best_val_f1": 0.5434563159942627,
  "test_acc": 0.5725564956665039,
  "test_f1": 0.4874829351902008,
  "test_prec": 0.5808581709861755,
  "test_rec": 0.7664493918418884,
  "train_time": 27.41294344499329,
  "test_time": 0.16187580100086052,
  "total_time": 27.57481924599415,
  "mem_mb": 1022.234375
}