{
  "run_index": 4,
  "best_val_f1": 0.739420473575592,
  "test_acc": 0.8592000007629395,
  "test_f1": 0.8305481672286987,
  "test_prec": 0.839820921421051,
  "test_rec": 0.8230130076408386,
  "train_time": 2.103651796001941,
  "test_time": 0.029905103001510724,
  "total_time": 2.1335568990034517,
  "mem_mb": 701.98828125
}