{
  "run_index": 2,
  "best_val_f1": 0.556165874004364,
  "test_acc": 0.8638323545455933,
  "test_f1": 0.5359653234481812,
  "test_prec": 0.5315057039260864,
  "test_rec": 0.5604171752929688,
  "train_time": 23.777609972999926,
  "test_time": 0.7208640850003576,
  "total_time": 24.498474058000284,
  "mem_mb": 2171.98828125
}