{
  "run_index": 4,
  "best_val_f1": 0.7885085344314575,
  "test_acc": 0.9345232248306274,
  "test_f1": 0.7070695161819458,
  "test_prec": 0.6873572468757629,
  "test_rec": 0.7329151034355164,
  "train_time": 60.48504621600296,
  "test_time": 0.3364919009982259,
  "total_time": 60.82153811700118,
  "mem_mb": 2120.17578125
}