{
  "run_index": 3,
  "best_val_f1": 0.47698909044265747,
  "test_acc": 0.6704000234603882,
  "test_f1": 0.4059593081474304,
  "test_prec": 0.40512821078300476,
  "test_rec": 0.4948377013206482,
  "train_time": 0.5551699640018342,
  "test_time": 0.02737981099926401,
  "total_time": 0.5825497750010982,
  "mem_mb": 492.71484375
}