{
  "run_index": 3,
  "best_val_f1": 0.5426903963088989,
  "test_acc": 0.5999587178230286,
  "test_f1": 0.5054251551628113,
  "test_prec": 0.581861138343811,
  "test_rec": 0.7632246613502502,
  "train_time": 43.18026873200142,
  "test_time": 0.29885474799812073,
  "total_time": 43.479123479999544,
  "mem_mb": 1225.62890625
}