{
  "run_index": 2,
  "best_val_f1": 0.702353835105896,
  "test_acc": 0.8335999846458435,
  "test_f1": 0.7943662405014038,
  "test_prec": 0.8215039968490601,
  "test_rec": 0.7787654995918274,
  "train_time": 2.7245941589972063,
  "test_time": 0.03045021100115264,
  "total_time": 2.755044369998359,
  "mem_mb": 765.64453125
}