{
  "run_index": 5,
  "best_val_f1": 0.7871640920639038,
  "test_acc": 0.8712000250816345,
  "test_f1": 0.8441203236579895,
  "test_prec": 0.8622193336486816,
  "test_rec": 0.8313592076301575,
  "train_time": 7.317420118997688,
  "test_time": 0.07324158799747238,
  "total_time": 7.390661706995161,
  "mem_mb": 755.71875
}