{
  "run_index": 1,
  "best_val_f1": 0.5462548732757568,
  "test_acc": 0.9151615500450134,
  "test_f1": 0.4778508245944977,
  "test_prec": 0.4575807750225067,
  "test_rec": 0.5,
  "train_time": 6.6243465279985685,
  "test_time": 0.16238725499715656,
  "total_time": 6.786733782995725,
  "mem_mb": 1627.1484375
}