{
  "run_index": 3,
  "best_val_f1": 0.7909773588180542,
  "test_acc": 0.8957184553146362,
  "test_f1": 0.6470586061477661,
  "test_prec": 0.6166746020317078,
  "test_rec": 0.7259560227394104,
  "train_time": 118.49494036800024,
  "test_time": 0.8573723320005229,
  "total_time": 119.35231270000077,
  "mem_mb": 2300.33984375
}