{
  "run_index": 4,
  "best_val_f1": 0.5493848919868469,
  "test_acc": 0.5983589887619019,
  "test_f1": 0.500503420829773,
  "test_prec": 0.5774515867233276,
  "test_rec": 0.7546709179878235,
  "train_time": 10.386458597000455,
  "test_time": 0.16760494499612832,
  "total_time": 10.554063541996584,
  "mem_mb": 1627.24609375
}