{
  "val_f1": [
    0.5282130241394043,
    0.006900443086403622
  ],
  "test_acc": [
    0.7786046147346497,
    0.16563979571939944
  ],
  "test_f1": [
    0.48381041884422304,
    0.005700199677744293
  ],
  "test_prec": [
    0.5314639449119568,
    0.04851928813084887
  ],
  "test_rec": [
    0.6066501319408417,
    0.1303958120430264
  ],
  "train_time": [
    31.922807899597682,
    13.607181317212786
  ],
  "test_time": [
    0.15105779639852698,
    0.017546271604667592
  ],
  "total_time": [
    32.07386569599621,
    13.607166430969347
  ],
  "mem_mb": [
    1227.8703125,
    24.177951068506484
  ],
  "num_runs": 5,
  "label": "Enhanced Dir-GCN (Gated, C2)"
}