{
  "run_index": 5,
  "best_val_f1": 0.5340719223022461,
  "test_acc": 0.9098978638648987,
  "test_f1": 0.47925281524658203,
  "test_prec": 0.4972397983074188,
  "test_rec": 0.4998914897441864,
  "train_time": 10.014856499998132,
  "test_time": 0.15574545099661918,
  "total_time": 10.170601950994751,
  "mem_mb": 1272.03515625
}