{
  "run_index": 5,
  "best_val_f1": 0.7412127256393433,
  "test_acc": 0.8776000142097473,
  "test_f1": 0.8504002094268799,
  "test_prec": 0.8743866086006165,
  "test_rec": 0.8346356153488159,
  "train_time": 6.282380838998506,
  "test_time": 0.05942808200052241,
  "total_time": 6.3418089209990285,
  "mem_mb": 826.4296875
}