{
  "run_index": 5,
  "best_val_f1": 0.5366725921630859,
  "test_acc": 0.6039838790893555,
  "test_f1": 0.5101280808448792,
  "test_prec": 0.5834178924560547,
  "test_rec": 0.7606083154678345,
  "train_time": 14.068866030000208,
  "test_time": 0.08964135400310624,
  "total_time": 14.158507384003315,
  "mem_mb": 881.30859375
}