{
  "run_index": 1,
  "best_val_f1": 0.5487123727798462,
  "test_acc": 0.5979977250099182,
  "test_f1": 0.502221941947937,
  "test_prec": 0.5786750316619873,
  "test_rec": 0.7527711987495422,
  "train_time": 12.01534620399616,
  "test_time": 0.11142697500326904,
  "total_time": 12.126773178999429,
  "mem_mb": 750.0859375
}