{
  "run_index": 4,
  "best_val_f1": 0.6635133028030396,
  "test_acc": 0.7832000255584717,
  "test_f1": 0.751736044883728,
  "test_prec": 0.7465351819992065,
  "test_rec": 0.7587417364120483,
  "train_time": 3.0906868140009465,
  "test_time": 0.0376488750007411,
  "total_time": 3.1283356890016876,
  "mem_mb": 745.640625
}