{
  "run_index": 1,
  "best_val_f1": 0.5358359813690186,
  "test_acc": 0.5766332745552063,
  "test_f1": 0.4925501346588135,
  "test_prec": 0.5833824276924133,
  "test_rec": 0.7684170007705688,
  "train_time": 20.036600861996703,
  "test_time": 0.16296199000498746,
  "total_time": 20.19956285200169,
  "mem_mb": 891.5859375
}