{
  "run_index": 1,
  "best_val_f1": 0.564903974533081,
  "test_acc": 0.919883668422699,
  "test_f1": 0.5683579444885254,
  "test_prec": 0.5739399194717407,
  "test_rec": 0.5638598203659058,
  "train_time": 32.914779197002645,
  "test_time": 0.7094632510015799,
  "total_time": 33.624242448004225,
  "mem_mb": 2429.21484375
}