{
  "run_index": 1,
  "best_val_f1": 0.7162079811096191,
  "test_acc": 0.8256000280380249,
  "test_f1": 0.8001589775085449,
  "test_prec": 0.8140840530395508,
  "test_rec": 0.7910671234130859,
  "train_time": 2.1548988230024406,
  "test_time": 0.028474315000494244,
  "total_time": 2.183373138002935,
  "mem_mb": 701.98828125
}