{
  "run_index": 2,
  "best_val_f1": 0.7868330478668213,
  "test_acc": 0.9123634099960327,
  "test_f1": 0.6774523258209229,
  "test_prec": 0.6439881324768066,
  "test_rec": 0.7464566826820374,
  "train_time": 76.04736965800112,
  "test_time": 0.35235370300142677,
  "total_time": 76.39972336100254,
  "mem_mb": 2120.234375
}