{
  "run_index": 4,
  "best_val_f1": 0.7916488647460938,
  "test_acc": 0.9429459571838379,
  "test_f1": 0.7212507128715515,
  "test_prec": 0.7154485583305359,
  "test_rec": 0.7274459600448608,
  "train_time": 295.95074864900016,
  "test_time": 0.8183119510031247,
  "total_time": 296.7690606000033,
  "mem_mb": 2172.796875
}