{
  "run_index": 5,
  "best_val_f1": 0.5295383334159851,
  "test_acc": 0.5901021957397461,
  "test_f1": 0.5032424926757812,
  "test_prec": 0.5854721069335938,
  "test_rec": 0.7676712274551392,
  "train_time": 34.925673673002166,
  "test_time": 0.2825416729974677,
  "total_time": 35.20821534599963,
  "mem_mb": 1982.359375
}