{
  "run_index": 3,
  "best_val_f1": 0.665413498878479,
  "test_acc": 0.746315062046051,
  "test_f1": 0.5243231058120728,
  "test_prec": 0.5455067157745361,
  "test_rec": 0.6777552962303162,
  "train_time": 88.15897729399876,
  "test_time": 0.4101997770012531,
  "total_time": 88.56917707100001,
  "mem_mb": 2172.33203125
}