{
  "val_f1": [
    0.5404616713523864,
    0.004888121225039557
  ],
  "test_acc": [
    0.6579729676246643,
    0.1290605447081462
  ],
  "test_f1": [
    0.4963372826576233,
    0.011821186763271043
  ],
  "test_prec": [
    0.5562972247600555,
    0.049378058494989316
  ],
  "test_rec": [
    0.7090500116348266,
    0.10455938400619716
  ],
  "train_time": [
    20.86168000519974,
    7.1748141594394435
  ],
  "test_time": [
    0.16877498440153432,
    0.016665680755640087
  ],
  "total_time": [
    21.030454989601274,
    7.187339458533809
  ],
  "mem_mb": [
    1713.3453125,
    28.44082061227505
  ],
  "num_runs": 5,
  "label": "Baseline Dir-GCN (C4)"
}