{
  "total_naive_aggregations": 123600.0,
  "total_actual_aggregations": 95352.0,
  "total_saved_aggregations": 28248.0,
  "total_saved_ratio": 0.22854368932038835,
  "total_edges": 123600,
  "total_recurring_edges": 174,
  "global_cache_hit_ratio": 0.0014077669902912622
}