{
  "run_index": 3,
  "best_val_f1": 0.5439536571502686,
  "test_acc": 0.6009908318519592,
  "test_f1": 0.505595326423645,
  "test_prec": 0.5812086462974548,
  "test_rec": 0.7610272169113159,
  "train_time": 20.355843978999474,
  "test_time": 0.1666580220044125,
  "total_time": 20.522502001003886,
  "mem_mb": 1746.56640625
}