{
  "run_index": 4,
  "best_val_f1": 0.722581148147583,
  "test_acc": 0.8123934864997864,
  "test_f1": 0.5696675777435303,
  "test_prec": 0.5644998550415039,
  "test_rec": 0.7045151591300964,
  "train_time": 121.87399693100087,
  "test_time": 0.42351072399833356,
  "total_time": 122.29750765499921,
  "mem_mb": 2172.23828125
}