{
  "run_index": 2,
  "best_val_f1": 0.5310247540473938,
  "test_acc": 0.5981525182723999,
  "test_f1": 0.5013771653175354,
  "test_prec": 0.5787004232406616,
  "test_rec": 0.7579873204231262,
  "train_time": 11.19040937400132,
  "test_time": 0.08462313600466587,
  "total_time": 11.275032510005985,
  "mem_mb": 1250.61328125
}