{
  "val_f1": [
    0.7243516921997071,
    0.013457116541040573
  ],
  "test_acc": [
    0.834720003604889,
    0.02107873341008088
  ],
  "test_f1": [
    0.8058369874954223,
    0.01958734259024769
  ],
  "test_prec": [
    0.8160676598548889,
    0.025579772861930288
  ],
  "test_rec": [
    0.7990052103996277,
    0.015481012244921747
  ],
  "train_time": [
    2.343878329799918,
    0.8279873968228983
  ],
  "test_time": [
    0.02952034259942593,
    0.0008676903612176365
  ],
  "total_time": [
    2.373398672399344,
    0.8286972836474287
  ],
  "mem_mb": [
    701.98828125,
    0.0
  ],
  "num_runs": 5,
  "label": "Baseline Dir-GCN (C3)"
}