{
  "val_f1": [
    0.6573481440544129,
    0.06619264166735879
  ],
  "test_acc": [
    0.8028800010681152,
    0.07685764355607197
  ],
  "test_f1": [
    0.738923317193985,
    0.12932761186668923
  ],
  "test_prec": [
    0.776149570941925,
    0.12381866893549819
  ],
  "test_rec": [
    0.7314753532409668,
    0.11107163211546048
  ],
  "train_time": [
    2.102189496999199,
    0.7933637923339989
  ],
  "test_time": [
    0.028723617000650847,
    0.0020059986809189507
  ],
  "total_time": [
    2.13091311399985,
    0.7948166593648442
  ],
  "mem_mb": [
    765.64453125,
    0.0
  ],
  "num_runs": 5,
  "label": "Baseline Dir-GCN (C4)"
}