{
  "run_index": 4,
  "best_val_f1": 0.7122851610183716,
  "test_acc": 0.8623999953269958,
  "test_f1": 0.8287649154663086,
  "test_prec": 0.8548398613929749,
  "test_rec": 0.8122774958610535,
  "train_time": 4.286742086998856,
  "test_time": 0.05287767600020743,
  "total_time": 4.339619762999064,
  "mem_mb": 723.03515625
}