{
  "run_index": 2,
  "best_val_f1": 0.5436052680015564,
  "test_acc": 0.8970219492912292,
  "test_f1": 0.5194835066795349,
  "test_prec": 0.5183644890785217,
  "test_rec": 0.5211514234542847,
  "train_time": 9.814073784000357,
  "test_time": 0.31997803400008706,
  "total_time": 10.134051818000444,
  "mem_mb": 1757.06640625
}