{
  "run_index": 5,
  "best_val_f1": 0.5670233368873596,
  "test_acc": 0.9193823933601379,
  "test_f1": 0.5854107737541199,
  "test_prec": 0.5875380039215088,
  "test_rec": 0.5834234356880188,
  "train_time": 34.22343387199726,
  "test_time": 0.7321478129997558,
  "total_time": 34.955581684997014,
  "mem_mb": 2429.49609375
}