{
  "run_index": 3,
  "best_val_f1": 0.7485173940658569,
  "test_acc": 0.8695999979972839,
  "test_f1": 0.8426897525787354,
  "test_prec": 0.866036057472229,
  "test_rec": 0.8276820182800293,
  "train_time": 6.292340803000116,
  "test_time": 0.04630201400141232,
  "total_time": 6.338642817001528,
  "mem_mb": 631.1875
}