{
  "run_index": 2,
  "best_val_f1": 0.7452582120895386,
  "test_acc": 0.8327999711036682,
  "test_f1": 0.7973189353942871,
  "test_prec": 0.8145804405212402,
  "test_rec": 0.7857592105865479,
  "train_time": 3.43903730600141,
  "test_time": 0.046338727999682305,
  "total_time": 3.485376034001092,
  "mem_mb": 620.90625
}