{
  "run_index": 2,
  "best_val_f1": 0.5443648099899292,
  "test_acc": 0.5983073711395264,
  "test_f1": 0.5014848709106445,
  "test_prec": 0.578728437423706,
  "test_rec": 0.758071780204773,
  "train_time": 8.740552723997098,
  "test_time": 0.10384531200543279,
  "total_time": 8.84439803600253,
  "mem_mb": 751.0234375
}