{
  "total_naive_aggregations": 123600.0,
  "total_actual_aggregations": 68767.0,
  "total_saved_aggregations": 54833.0,
  "total_saved_ratio": 0.4436326860841424,
  "total_edges": 123600,
  "total_recurring_edges": 174,
  "global_cache_hit_ratio": 0.0014077669902912622
}