{
  "val_f1": [
    0.668386971950531,
    0.10194787105217003
  ],
  "test_acc": [
    0.8171199917793274,
    0.0820483319253644
  ],
  "test_f1": [
    0.7390473186969757,
    0.17225604447747797
  ],
  "test_prec": [
    0.7481876850128174,
    0.21166883696059002
  ],
  "test_rec": [
    0.746993088722229,
    0.12435203471061729
  ],
  "train_time": [
    4.287063149201276,
    1.8703983263895838
  ],
  "test_time": [
    0.049612658800469944,
    0.004604830809328515
  ],
  "total_time": [
    4.336675808001746,
    1.8722232950913118
  ],
  "mem_mb": [
    616.353125,
    23.05306333761409
  ],
  "num_runs": 5,
  "label": "Enhanced Dir-GCN (Gated, C1)"
}