{
  "run_index": 5,
  "best_val_f1": 0.6901942491531372,
  "test_acc": 0.8592000007629395,
  "test_f1": 0.8305481672286987,
  "test_prec": 0.8451666235923767,
  "test_rec": 0.8198468685150146,
  "train_time": 4.314206193001155,
  "test_time": 0.048529616000450915,
  "total_time": 4.362735809001606,
  "mem_mb": 635.94921875
}