{
  "run_index": 2,
  "best_val_f1": 0.630232572555542,
  "test_acc": 0.7480000257492065,
  "test_f1": 0.6103225350379944,
  "test_prec": 0.7903307676315308,
  "test_rec": 0.611635684967041,
  "train_time": 5.270468197999435,
  "test_time": 0.04622591000224929,
  "total_time": 5.316694108001684,
  "mem_mb": 691.53125
}