{
  "run_index": 2,
  "best_val_f1": 0.5445210337638855,
  "test_acc": 0.6058932542800903,
  "test_f1": 0.5063707828521729,
  "test_prec": 0.5795338749885559,
  "test_rec": 0.7602282762527466,
  "train_time": 13.297852813004283,
  "test_time": 0.16070125700207427,
  "total_time": 13.458554070006358,
  "mem_mb": 1626.99609375
}