{
  "run_index": 4,
  "best_val_f1": 0.7329331636428833,
  "test_acc": 0.8592000007629395,
  "test_f1": 0.8300077319145203,
  "test_prec": 0.8406670093536377,
  "test_rec": 0.8215634822845459,
  "train_time": 6.60504207899794,
  "test_time": 0.058560974001011346,
  "total_time": 6.663603052998951,
  "mem_mb": 826.2890625
}