{
  "run_index": 3,
  "best_val_f1": 0.5453528165817261,
  "test_acc": 0.6895999908447266,
  "test_f1": 0.4405636787414551,
  "test_prec": 0.8099864721298218,
  "test_rec": 0.516867458820343,
  "train_time": 0.5285530200017092,
  "test_time": 0.023300629000004847,
  "total_time": 0.5518536490017141,
  "mem_mb": 630.65625
}