{
  "run_index": 5,
  "best_val_f1": 0.5269750356674194,
  "test_acc": 0.6728000044822693,
  "test_f1": 0.41141659021377563,
  "test_prec": 0.42163267731666565,
  "test_rec": 0.4928642511367798,
  "train_time": 1.045542051000666,
  "test_time": 0.02263870900060283,
  "total_time": 1.068180760001269,
  "mem_mb": 635.53125
}