{
  "run_index": 1,
  "best_val_f1": 0.54583340883255,
  "test_acc": 0.5758076310157776,
  "test_f1": 0.49196937680244446,
  "test_prec": 0.5832470059394836,
  "test_rec": 0.7679658532142639,
  "train_time": 32.729111093998654,
  "test_time": 0.24145898000278976,
  "total_time": 32.970570074001444,
  "mem_mb": 1674.6640625
}