{
  "run_index": 5,
  "best_val_f1": 0.5391584634780884,
  "test_acc": 0.6026421785354614,
  "test_f1": 0.5091804265975952,
  "test_prec": 0.5831606388092041,
  "test_rec": 0.7598731517791748,
  "train_time": 29.57402874199761,
  "test_time": 0.173485115999938,
  "total_time": 29.747513857997546,
  "mem_mb": 1675.515625
}