{
  "val_f1": [
    0.5737168192863464,
    0.024230901713763568
  ],
  "test_acc": [
    0.892349362373352,
    0.04082173312049334
  ],
  "test_f1": [
    0.5612776160240174,
    0.026559406381623244
  ],
  "test_prec": [
    0.5614110350608825,
    0.021272610436381102
  ],
  "test_rec": [
    0.5900671362876893,
    0.05157587373218035
  ],
  "train_time": [
    35.517833303799854,
    5.290391739121457
  ],
  "test_time": [
    0.7304303078002704,
    0.023777864317477512
  ],
  "total_time": [
    36.24826361160012,
    5.298711751239132
  ],
  "mem_mb": [
    2429.3453125,
    0.0993017615339728
  ],
  "num_runs": 5,
  "label": "Baseline Dir-GCN (C4)"
}