{
  "run_index": 1,
  "best_val_f1": 0.7470303773880005,
  "test_acc": 0.864799976348877,
  "test_f1": 0.8408393263816833,
  "test_prec": 0.8735095858573914,
  "test_rec": 0.8237295746803284,
  "train_time": 4.695714063000196,
  "test_time": 0.04901956699904986,
  "total_time": 4.744733629999246,
  "mem_mb": 709.41796875
}