{
  "run_index": 4,
  "best_val_f1": 0.5668298602104187,
  "test_acc": 0.894916296005249,
  "test_f1": 0.5650832653045654,
  "test_prec": 0.556598961353302,
  "test_rec": 0.5804261565208435,
  "train_time": 25.321592753000004,
  "test_time": 0.7200398970016977,
  "total_time": 26.041632650001702,
  "mem_mb": 2172.2890625
}