{
  "run_index": 1,
  "best_val_f1": 0.7919394969940186,
  "test_acc": 0.8684448003768921,
  "test_f1": 0.6198168396949768,
  "test_prec": 0.5945026278495789,
  "test_rec": 0.7268847227096558,
  "train_time": 116.79625620099978,
  "test_time": 0.7298250769999868,
  "total_time": 117.52608127799977,
  "mem_mb": 2300.21875
}