{
  "run_index": 3,
  "best_val_f1": 0.6876700520515442,
  "test_acc": 0.8343999981880188,
  "test_f1": 0.7979366779327393,
  "test_prec": 0.8247259855270386,
  "test_rec": 0.7826884984970093,
  "train_time": 5.727831907999644,
  "test_time": 0.04544557299959706,
  "total_time": 5.773277480999241,
  "mem_mb": 796.16015625
}