{
  "run_index": 3,
  "best_val_f1": 0.5598531365394592,
  "test_acc": 0.8747618794441223,
  "test_f1": 0.5704953074455261,
  "test_prec": 0.5580711960792542,
  "test_rec": 0.6103478074073792,
  "train_time": 29.06854360199941,
  "test_time": 0.7336791200032167,
  "total_time": 29.802222722002625,
  "mem_mb": 2172.01953125
}