{
  "val_f1": [
    0.7184228897094727,
    0.034165491621301364
  ],
  "test_acc": [
    0.8398676514625549,
    0.07777133249207387
  ],
  "test_f1": [
    0.6048967599868774,
    0.07270710638159854
  ],
  "test_prec": [
    0.6031561017036438,
    0.05957992594726053
  ],
  "test_rec": [
    0.7018896579742432,
    0.018632079333800858
  ],
  "train_time": [
    114.12475415980006,
    25.159778992147636
  ],
  "test_time": [
    0.4361646167984873,
    0.037695599760228474
  ],
  "total_time": [
    114.56091877659856,
    25.19530488910606
  ],
  "mem_mb": [
    2182.18046875,
    19.831936290273937
  ],
  "num_runs": 5,
  "label": "Enhanced Dir-GCN (Gated, C2)"
}