{
  "run_index": 2,
  "best_val_f1": 0.6884118318557739,
  "test_acc": 0.8327999711036682,
  "test_f1": 0.802588701248169,
  "test_prec": 0.8086735010147095,
  "test_rec": 0.7974693775177002,
  "train_time": 4.462246475999564,
  "test_time": 0.049195546002010815,
  "total_time": 4.5114420220015745,
  "mem_mb": 766.140625
}