{
  "run_index": 4,
  "best_val_f1": 0.5396441221237183,
  "test_acc": 0.5726081132888794,
  "test_f1": 0.4874672591686249,
  "test_prec": 0.5807795524597168,
  "test_rec": 0.7661935091018677,
  "train_time": 18.140922951999528,
  "test_time": 0.1526074739958858,
  "total_time": 18.293530425995414,
  "mem_mb": 1698.921875
}