{
  "val_f1": [
    0.7780820250511169,
    0.007936804765713849
  ],
  "test_acc": [
    0.9038203239440918,
    0.030687787754525513
  ],
  "test_f1": [
    0.6653943419456482,
    0.03813714091481571
  ],
  "test_prec": [
    0.6397964477539062,
    0.03744847615519339
  ],
  "test_rec": [
    0.7316736459732056,
    0.009344367522135426
  ],
  "train_time": [
    65.87761435880093,
    8.280686995439046
  ],
  "test_time": [
    0.36449167280079564,
    0.02029353801768895
  ],
  "total_time": [
    66.24210603160172,
    8.274493738283025
  ],
  "mem_mb": [
    2120.14140625,
    0.09534451306643188
  ],
  "num_runs": 5,
  "label": "Enhanced Dir-GCN (Gated, C1)"
}