{
  "run_index": 3,
  "best_val_f1": 0.541643500328064,
  "test_acc": 0.5751367807388306,
  "test_f1": 0.49129360914230347,
  "test_prec": 0.5828359127044678,
  "test_rec": 0.7667838335037231,
  "train_time": 6.9208182000002125,
  "test_time": 0.09060172300087288,
  "total_time": 7.011419923001085,
  "mem_mb": 869.3359375
}