{
  "run_index": 1,
  "best_val_f1": 0.55741947889328,
  "test_acc": 0.6552000045776367,
  "test_f1": 0.39584341645240784,
  "test_prec": 0.32760000228881836,
  "test_rec": 0.5,
  "train_time": 0.8990285489999224,
  "test_time": 0.025539214999298565,
  "total_time": 0.9245677639992209,
  "mem_mb": 630.65625
}