{
  "run_index": 2,
  "best_val_f1": 0.7165576219558716,
  "test_acc": 0.8335999846458435,
  "test_f1": 0.8003685474395752,
  "test_prec": 0.8129642009735107,
  "test_rec": 0.7911645174026489,
  "train_time": 1.4360967639986484,
  "test_time": 0.028693943000689615,
  "total_time": 1.464790706999338,
  "mem_mb": 701.98828125
}