{
  "run_index": 4,
  "best_val_f1": 0.536001443862915,
  "test_acc": 0.6624006628990173,
  "test_f1": 0.5214760303497314,
  "test_prec": 0.5616524815559387,
  "test_rec": 0.6904677152633667,
  "train_time": 21.97284688200307,
  "test_time": 0.26333631399756996,
  "total_time": 22.23618319600064,
  "mem_mb": 1674.66015625
}