{
  "run_index": 2,
  "best_val_f1": 0.5348215103149414,
  "test_acc": 0.5724533200263977,
  "test_f1": 0.48777198791503906,
  "test_prec": 0.5811827778816223,
  "test_rec": 0.7665995359420776,
  "train_time": 19.982676457002526,
  "test_time": 0.25676446899888106,
  "total_time": 20.239440926001407,
  "mem_mb": 1674.6640625
}