{
  "run_index": 5,
  "best_val_f1": 0.6186887621879578,
  "test_acc": 0.9135666489601135,
  "test_f1": 0.5956780314445496,
  "test_prec": 0.5897433161735535,
  "test_rec": 0.602886438369751,
  "train_time": 53.7415367149988,
  "test_time": 0.438995900000009,
  "total_time": 54.18053261499881,
  "mem_mb": 2173.25
}