{
  "val_f1": [
    0.5468506217002869,
    0.002218028506317641
  ],
  "test_acc": [
    0.7223139643669129,
    0.14715135439858307
  ],
  "test_f1": [
    0.49921916127204896,
    0.01113135620681592
  ],
  "test_prec": [
    0.5423120558261871,
    0.049567640543472534
  ],
  "test_rec": [
    0.6561227798461914,
    0.12516397376736804
  ],
  "train_time": [
    12.627964756800793,
    3.964544438857602
  ],
  "test_time": [
    0.1601556121982867,
    0.005897248297549372
  ],
  "total_time": [
    12.78812036899908,
    3.9599534176475215
  ],
  "mem_mb": [
    1627.134375,
    0.08079802171154936
  ],
  "num_runs": 5,
  "label": "Baseline Dir-GCN (C3)"
}