{
  "run_index": 3,
  "best_val_f1": 0.5381638407707214,
  "test_acc": 0.6009908318519592,
  "test_f1": 0.5056508779525757,
  "test_prec": 0.581292986869812,
  "test_rec": 0.7613033652305603,
  "train_time": 8.70363903499674,
  "test_time": 0.08317621500464156,
  "total_time": 8.786815250001382,
  "mem_mb": 1250.48828125
}