{
  "run_index": 1,
  "best_val_f1": 0.5409383773803711,
  "test_acc": 0.5979461073875427,
  "test_f1": 0.5021859407424927,
  "test_prec": 0.5786654949188232,
  "test_rec": 0.7527430057525635,
  "train_time": 19.3997156109981,
  "test_time": 0.09108233900042251,
  "total_time": 19.490797949998523,
  "mem_mb": 1227.0625
}