{
  "run_index": 5,
  "best_val_f1": 0.5495278239250183,
  "test_acc": 0.6028485894203186,
  "test_f1": 0.509326159954071,
  "test_prec": 0.5832000970840454,
  "test_rec": 0.7599862813949585,
  "train_time": 18.46246208199591,
  "test_time": 0.1495275359993684,
  "total_time": 18.611989617995278,
  "mem_mb": 1627.12109375
}