{
  "run_index": 5,
  "best_val_f1": 0.5684401988983154,
  "test_acc": 0.7871999740600586,
  "test_f1": 0.7586382031440735,
  "test_prec": 0.7536467909812927,
  "test_rec": 0.7653210163116455,
  "train_time": 1.0175864070006355,
  "test_time": 0.03867296199678094,
  "total_time": 1.0562593689974165,
  "mem_mb": 723.28515625
}