{
  "val_f1": [
    0.7608145236968994,
    0.01935128511846747
  ],
  "test_acc": [
    0.8945151925086975,
    0.0298532046677421
  ],
  "test_f1": [
    0.6468291401863098,
    0.04321323867401137
  ],
  "test_prec": [
    0.6250832796096801,
    0.04830893677503279
  ],
  "test_rec": [
    0.7141451120376587,
    0.014733930261632902
  ],
  "train_time": [
    209.68350159620167,
    77.30183440822857
  ],
  "test_time": [
    0.8367271528004494,
    0.12036730593720503
  ],
  "total_time": [
    210.52022874900211,
    77.38879327431489
  ],
  "mem_mb": [
    2172.78203125,
    0.04703099044778878
  ],
  "num_runs": 5,
  "label": "Enhanced Dir-GCN (Gated, C4)"
}