{
  "val_f1": [
    0.709583330154419,
    0.022871534631889748
  ],
  "test_acc": [
    0.8467199921607971,
    0.018697435915349635
  ],
  "test_f1": [
    0.8134338140487671,
    0.02340393788778618
  ],
  "test_prec": [
    0.8427516341209411,
    0.02449496980367069
  ],
  "test_rec": [
    0.7999398946762085,
    0.025746673633075423
  ],
  "train_time": [
    5.961442575999536,
    0.8257871201239423
  ],
  "test_time": [
    0.052733612601150524,
    0.00542739310961655
  ],
  "total_time": [
    6.014176188600686,
    0.8286103079203363
  ],
  "mem_mb": [
    799.096875,
    24.20078106084756
  ],
  "num_runs": 5,
  "label": "Enhanced Dir-GCN (Gated, C4)"
}