{
  "run_index": 3,
  "best_val_f1": 0.5269781351089478,
  "test_acc": 0.5754979848861694,
  "test_f1": 0.4916495978832245,
  "test_prec": 0.5830677151679993,
  "test_rec": 0.7675333619117737,
  "train_time": 15.730410916003166,
  "test_time": 0.1710940870034392,
  "total_time": 15.901505003006605,
  "mem_mb": 985.97265625
}