{
  "run_index": 4,
  "best_val_f1": 0.5058010816574097,
  "test_acc": 0.6887999773025513,
  "test_f1": 0.4078635573387146,
  "test_prec": 0.34578314423561096,
  "test_rec": 0.4971131980419159,
  "train_time": 0.470939601000282,
  "test_time": 0.025920044998201774,
  "total_time": 0.49685964599848376,
  "mem_mb": 501.5859375
}