{
  "run_index": 2,
  "best_val_f1": 0.6321549415588379,
  "test_acc": 0.8988268375396729,
  "test_f1": 0.5921522378921509,
  "test_prec": 0.5786746740341187,
  "test_rec": 0.6167385578155518,
  "train_time": 45.41739633199904,
  "test_time": 0.45595401500031585,
  "total_time": 45.87335034699936,
  "mem_mb": 2123.5234375
}