{
  "run_index": 4,
  "best_val_f1": 0.7032551765441895,
  "test_acc": 0.8640000224113464,
  "test_f1": 0.833078920841217,
  "test_prec": 0.8518298864364624,
  "test_rec": 0.8199545741081238,
  "train_time": 2.558308612999099,
  "test_time": 0.03024489400195307,
  "total_time": 2.588553507001052,
  "mem_mb": 765.64453125
}