{
  "run_index": 5,
  "best_val_f1": 0.6855703592300415,
  "test_acc": 0.8456000089645386,
  "test_f1": 0.8063074946403503,
  "test_prec": 0.8427278399467468,
  "test_rec": 0.7870789766311646,
  "train_time": 2.55926159399678,
  "test_time": 0.030359693999344017,
  "total_time": 2.589621287996124,
  "mem_mb": 765.64453125
}