{
  "run_index": 3,
  "best_val_f1": 0.7413837313652039,
  "test_acc": 0.8008000254631042,
  "test_f1": 0.7750386595726013,
  "test_prec": 0.7712407112121582,
  "test_rec": 0.7796659469604492,
  "train_time": 3.9114155979987117,
  "test_time": 0.030869446996803163,
  "total_time": 3.942285044995515,
  "mem_mb": 701.98828125
}