{
  "run_index": 1,
  "best_val_f1": 0.7735153436660767,
  "test_acc": 0.92740398645401,
  "test_f1": 0.6955774426460266,
  "test_prec": 0.6693744659423828,
  "test_rec": 0.7354670763015747,
  "train_time": 63.53037641999981,
  "test_time": 0.39393501200174796,
  "total_time": 63.92431143200156,
  "mem_mb": 2120.171875
}