{
  "run_index": 4,
  "best_val_f1": 0.618567705154419,
  "test_acc": 0.8979244232177734,
  "test_f1": 0.5799608826637268,
  "test_prec": 0.5691042542457581,
  "test_rec": 0.5991379618644714,
  "train_time": 44.63249369799814,
  "test_time": 0.39286779900066904,
  "total_time": 45.02536149699881,
  "mem_mb": 2173.3203125
}