{
  "run_index": 5,
  "best_val_f1": 0.5526549220085144,
  "test_acc": 0.9381329417228699,
  "test_f1": 0.4856533706188202,
  "test_prec": 0.47879019379615784,
  "test_rec": 0.4959801435470581,
  "train_time": 16.65428833400074,
  "test_time": 0.7318978340008471,
  "total_time": 17.386186168001586,
  "mem_mb": 2172.19921875
}