{
  "val_f1": [
    0.535668957233429,
    0.005350969094532938
  ],
  "test_acc": [
    0.6528124690055848,
    0.125931922088631
  ],
  "test_f1": [
    0.4986739158630371,
    0.005537006475097063
  ],
  "test_prec": [
    0.5685495257377624,
    0.028575372539911336
  ],
  "test_rec": [
    0.7132261276245118,
    0.10538650517836778
  ],
  "train_time": [
    40.609831751202,
    16.793722466991127
  ],
  "test_time": [
    0.2871309219975956,
    0.015533415612029243
  ],
  "total_time": [
    40.896962673199596,
    16.780791511692613
  ],
  "mem_mb": [
    1381.671875,
    306.38986933720685
  ],
  "num_runs": 5,
  "label": "Enhanced Dir-GCN (Gated, C4)"
}