{
  "run_index": 5,
  "best_val_f1": 0.5293048620223999,
  "test_acc": 0.6026937961578369,
  "test_f1": 0.509216845035553,
  "test_prec": 0.583170473575592,
  "test_rec": 0.7599014639854431,
  "train_time": 13.942445498003508,
  "test_time": 0.0973048430023482,
  "total_time": 14.039750341005856,
  "mem_mb": 1262.55078125
}