{
  "run_index": 5,
  "best_val_f1": 0.7255659103393555,
  "test_acc": 0.858919084072113,
  "test_f1": 0.6024996638298035,
  "test_prec": 0.5821819305419922,
  "test_rec": 0.7038320899009705,
  "train_time": 88.10809186999904,
  "test_time": 0.3242433700033871,
  "total_time": 88.43233524000243,
  "mem_mb": 1757.79296875
}