{
  "run_index": 2,
  "best_val_f1": 0.7197291851043701,
  "test_acc": 0.8583999872207642,
  "test_f1": 0.830518364906311,
  "test_prec": 0.8431746363639832,
  "test_rec": 0.820961058139801,
  "train_time": 3.9881027939991327,
  "test_time": 0.0464869040006306,
  "total_time": 4.034589697999763,
  "mem_mb": 725.6875
}