{
  "run_index": 5,
  "best_val_f1": 0.5470427870750427,
  "test_acc": 0.5786975026130676,
  "test_f1": 0.49633878469467163,
  "test_prec": 0.585447371006012,
  "test_rec": 0.7675565481185913,
  "train_time": 20.3782887510024,
  "test_time": 0.14183703500020783,
  "total_time": 20.52012578600261,
  "mem_mb": 1223.703125
}