{
  "val_f1": [
    0.7909742712974548,
    0.004694921479018409
  ],
  "test_acc": [
    0.8923293113708496,
    0.01431948672698242
  ],
  "test_f1": [
    0.6448516845703125,
    0.017092696559433514
  ],
  "test_prec": [
    0.6154880404472352,
    0.014688341894515494
  ],
  "test_rec": [
    0.727051568031311,
    0.0058163770077737965
  ],
  "train_time": [
    132.74342465540104,
    21.429118160707286
  ],
  "test_time": [
    0.9216706924009486,
    0.13431977699455588
  ],
  "total_time": [
    133.66509534780198,
    21.547204508965667
  ],
  "mem_mb": [
    2300.29921875,
    0.11607808188348911
  ],
  "num_runs": 5,
  "label": "Enhanced Dir-GCN (Gated, C3)"
}