{
  "run_index": 1,
  "best_val_f1": 0.7272597551345825,
  "test_acc": 0.9353253841400146,
  "test_f1": 0.6883715987205505,
  "test_prec": 0.6811218857765198,
  "test_rec": 0.6963858008384705,
  "train_time": 107.6739090480005,
  "test_time": 0.43117452599835815,
  "total_time": 108.10508357399885,
  "mem_mb": 2172.08203125
}