{
  "val_f1": [
    0.5423877954483032,
    0.00401297139490495
  ],
  "test_acc": [
    0.5895654916763305,
    0.013101116537420202
  ],
  "test_f1": [
    0.4985213279724121,
    0.008141078905961574
  ],
  "test_prec": [
    0.5809329152107239,
    0.0019879539818558824
  ],
  "test_rec": [
    0.7610336184501648,
    0.005386802440045649
  ],
  "train_time": [
    9.54141169020004,
    3.0640830507707633
  ],
  "test_time": [
    0.09916081620176556,
    0.008216490124785814
  ],
  "total_time": [
    9.640572506401805,
    3.064217247216326
  ],
  "mem_mb": [
    800.57421875,
    61.14991034862219
  ],
  "num_runs": 5,
  "label": "Baseline Dir-GCN (C1)"
}