{
  "run_index": 1,
  "best_val_f1": 0.5974264740943909,
  "test_acc": 0.6607999801635742,
  "test_f1": 0.4152691960334778,
  "test_prec": 0.774017333984375,
  "test_rec": 0.5086702704429626,
  "train_time": 1.0392872569973406,
  "test_time": 0.02462322900100844,
  "total_time": 1.063910485998349,
  "mem_mb": 486.23046875
}