{
  "run_index": 4,
  "best_val_f1": 0.5377596616744995,
  "test_acc": 0.5744143128395081,
  "test_f1": 0.4884166717529297,
  "test_prec": 0.5805478692054749,
  "test_rec": 0.7654740214347839,
  "train_time": 5.130675106003764,
  "test_time": 0.0881774450026569,
  "total_time": 5.218852551006421,
  "mem_mb": 1262.40234375
}