{
  "val_f1": [
    0.5951257228851319,
    0.08670337142762878
  ],
  "test_acc": [
    0.8810789227485657,
    0.03793610514208919
  ],
  "test_f1": [
    0.5474333047866822,
    0.041156080945821724
  ],
  "test_prec": [
    0.5366010308265686,
    0.037867619170277686
  ],
  "test_rec": [
    0.5958361029624939,
    0.07594858101588392
  ],
  "train_time": [
    29.59345033899954,
    29.723403620054704
  ],
  "test_time": [
    0.33534298920130823,
    0.030785038821468592
  ],
  "total_time": [
    29.928793328200847,
    29.715220814850664
  ],
  "mem_mb": [
    1697.5234375,
    132.48907651390667
  ],
  "num_runs": 5,
  "label": "Baseline Dir-GCN (C1)"
}