{
  "run_index": 1,
  "best_val_f1": 0.6680704355239868,
  "test_acc": 0.8191999793052673,
  "test_f1": 0.7780930399894714,
  "test_prec": 0.835377037525177,
  "test_rec": 0.7587035298347473,
  "train_time": 2.0972008660028223,
  "test_time": 0.025948835998860886,
  "total_time": 2.123149702001683,
  "mem_mb": 765.64453125
}