{
  "val_f1": [
    0.5354382991790771,
    0.004475859537733509
  ],
  "test_acc": [
    0.5948395133018494,
    0.010366718109042715
  ],
  "test_f1": [
    0.5013695001602173,
    0.007047743115650804
  ],
  "test_prec": [
    0.5804754495620728,
    0.00169489943890866
  ],
  "test_rec": [
    0.7594818353652955,
    0.004172427412959299
  ],
  "train_time": [
    11.673376924800687,
    4.831242688225843
  ],
  "test_time": [
    0.088872795602947,
    0.005039358194108709
  ],
  "total_time": [
    11.762249720403634,
    4.833717083741225
  ],
  "mem_mb": [
    1250.6234375,
    12.931668938054264
  ],
  "num_runs": 5,
  "label": "Baseline Dir-GCN (C2)"
}