{
  "run_index": 3,
  "best_val_f1": 0.583642303943634,
  "test_acc": 0.6800000071525574,
  "test_f1": 0.4095306396484375,
  "test_prec": 0.6733493804931641,
  "test_rec": 0.5019048452377319,
  "train_time": 1.8023092069997801,
  "test_time": 0.04595343500113813,
  "total_time": 1.8482626420009183,
  "mem_mb": 697.05078125
}