{
  "run_index": 1,
  "best_val_f1": 0.4713374972343445,
  "test_acc": 0.6552000045776367,
  "test_f1": 0.39584341645240784,
  "test_prec": 0.32760000228881836,
  "test_rec": 0.5,
  "train_time": 1.2403259620004974,
  "test_time": 0.04826119200151879,
  "total_time": 1.2885871540020162,
  "mem_mb": 571.63671875
}