{
  "run_index": 5,
  "best_val_f1": 0.6907116174697876,
  "test_acc": 0.8216000199317932,
  "test_f1": 0.76978999376297,
  "test_prec": 0.8206014633178711,
  "test_rec": 0.7488136291503906,
  "train_time": 1.1981623170031526,
  "test_time": 0.02303394399859826,
  "total_time": 1.2211962610017508,
  "mem_mb": 508.0390625
}