{
  "run_index": 2,
  "best_val_f1": 0.5978980660438538,
  "test_acc": 0.8717537522315979,
  "test_f1": 0.5832081437110901,
  "test_prec": 0.5675356388092041,
  "test_rec": 0.6385026574134827,
  "train_time": 39.324976559997594,
  "test_time": 0.7756684109990601,
  "total_time": 40.100644970996655,
  "mem_mb": 2429.2734375
}