{
  "run_index": 3,
  "best_val_f1": 0.599719226360321,
  "test_acc": 0.931013822555542,
  "test_f1": 0.5819763541221619,
  "test_prec": 0.6052512526512146,
  "test_rec": 0.5688321590423584,
  "train_time": 33.213632667997445,
  "test_time": 0.4281238410003425,
  "total_time": 33.64175650899779,
  "mem_mb": 2173.046875
}