{
  "run_index": 5,
  "best_val_f1": 0.5428797006607056,
  "test_acc": 0.5879347920417786,
  "test_f1": 0.5018110275268555,
  "test_prec": 0.585256040096283,
  "test_rec": 0.7670170068740845,
  "train_time": 28.478378563006117,
  "test_time": 0.28203017900523264,
  "total_time": 28.76040874201135,
  "mem_mb": 1674.609375
}