{
  "run_index": 1,
  "best_val_f1": 0.5469860434532166,
  "test_acc": 0.9151615500450134,
  "test_f1": 0.4778508245944977,
  "test_prec": 0.4575807750225067,
  "test_rec": 0.5,
  "train_time": 9.20870610500424,
  "test_time": 0.15310622100514593,
  "total_time": 9.361812326009385,
  "mem_mb": 1699.19140625
}