{
  "run_index": 1,
  "best_val_f1": 0.7448017597198486,
  "test_acc": 0.8508974313735962,
  "test_f1": 0.5906344056129456,
  "test_prec": 0.5740178823471069,
  "test_rec": 0.6896847486495972,
  "train_time": 83.73471718000292,
  "test_time": 0.6348069809973822,
  "total_time": 84.3695241610003,
  "mem_mb": 2172.6953125
}