{
  "run_index": 3,
  "best_val_f1": 0.5214674472808838,
  "test_acc": 0.5759624242782593,
  "test_f1": 0.4918227791786194,
  "test_prec": 0.5828848481178284,
  "test_rec": 0.7669588327407837,
  "train_time": 37.1308199289997,
  "test_time": 0.14036305400077254,
  "total_time": 37.27118298300047,
  "mem_mb": 1200.69921875
}