{
  "run_index": 2,
  "best_val_f1": 0.6936887502670288,
  "test_acc": 0.8496000170707703,
  "test_f1": 0.8134920597076416,
  "test_prec": 0.8442975878715515,
  "test_rec": 0.7959448099136353,
  "train_time": 3.0256098739992012,
  "test_time": 0.02936521399897174,
  "total_time": 3.054975087998173,
  "mem_mb": 488.05078125
}