{
  "val_f1": [
    0.5403729557991028,
    0.004239197471793479
  ],
  "test_acc": [
    0.5947259902954102,
    0.0342571167109096
  ],
  "test_f1": [
    0.4988499045372009,
    0.012239038969663957
  ],
  "test_prec": [
    0.5788314700126648,
    0.008686991451372328
  ],
  "test_rec": [
    0.7517554998397827,
    0.030647624807857536
  ],
  "train_time": [
    24.67127840580215,
    5.074224728050765
  ],
  "test_time": [
    0.264479933201801,
    0.014860380689287793
  ],
  "total_time": [
    24.93575833900395,
    5.068583765349398
  ],
  "mem_mb": [
    1674.64140625,
    0.026192272834750327
  ],
  "num_runs": 5,
  "label": "Enhanced Dir-GCN (Gated, C3)"
}