{
  "run_index": 1,
  "best_val_f1": 0.47916561365127563,
  "test_acc": 0.9474581480026245,
  "test_f1": 0.48651015758514404,
  "test_prec": 0.47372907400131226,
  "test_rec": 0.5,
  "train_time": 10.100960144001874,
  "test_time": 0.39671137500045006,
  "total_time": 10.497671519002324,
  "mem_mb": 1433.25
}