{
  "run_index": 2,
  "best_val_f1": 0.7963496446609497,
  "test_acc": 0.9052441716194153,
  "test_f1": 0.6600092649459839,
  "test_prec": 0.6288721561431885,
  "test_rec": 0.7291804552078247,
  "train_time": 169.5452579940029,
  "test_time": 1.138656996001373,
  "total_time": 170.68391499000427,
  "mem_mb": 2300.4375
}