{
  "run_index": 5,
  "best_val_f1": 0.7711092233657837,
  "test_acc": 0.9033389687538147,
  "test_f1": 0.6575626730918884,
  "test_prec": 0.6264036297798157,
  "test_rec": 0.7290763258934021,
  "train_time": 178.11442324100062,
  "test_time": 0.8096877810021397,
  "total_time": 178.92411102200276,
  "mem_mb": 2172.8203125
}