{
  "val_f1": [
    0.5907221257686615,
    0.054115664532394483
  ],
  "test_acc": [
    0.9176577091217041,
    0.018960824581935397
  ],
  "test_f1": [
    0.5672290861606598,
    0.040858283975657814
  ],
  "test_prec": [
    0.5632978796958923,
    0.04637787671352246
  ],
  "test_rec": [
    0.5774661064147949,
    0.04189222713638314
  ],
  "train_time": [
    37.188576491799175,
    15.562976065930425
  ],
  "test_time": [
    0.430303998200543,
    0.02082073153750993
  ],
  "total_time": [
    37.61888048999972,
    15.562166649846917
  ],
  "mem_mb": [
    2153.32578125,
    24.348032407751273
  ],
  "num_runs": 5,
  "label": "Baseline Dir-GCN (C2)"
}