{
  "run_index": 3,
  "best_val_f1": 0.5274909138679504,
  "test_acc": 0.6520000100135803,
  "test_f1": 0.4827708899974823,
  "test_prec": 0.529309093952179,
  "test_rec": 0.512874186038971,
  "train_time": 0.5715822530000878,
  "test_time": 0.026614450001943624,
  "total_time": 0.5981967030020314,
  "mem_mb": 765.64453125
}