{
  "val_f1": [
    0.5963826775550842,
    0.0740519572222902
  ],
  "test_acc": [
    0.746399998664856,
    0.0748280129111795
  ],
  "test_f1": [
    0.600561511516571,
    0.17645526745696857
  ],
  "test_prec": [
    0.6799257516860961,
    0.18573797647285933
  ],
  "test_rec": [
    0.638105708360672,
    0.1303940719613211
  ],
  "train_time": [
    2.845360816599714,
    1.6357741780946902
  ],
  "test_time": [
    0.044831523400353034,
    0.0050053110132246515
  ],
  "total_time": [
    2.890192340000067,
    1.6393786244051431
  ],
  "mem_mb": [
    704.5703125,
    15.453265608561512
  ],
  "num_runs": 5,
  "label": "Enhanced Dir-GCN (Gated, C2)"
}