{
  "run_index": 4,
  "best_val_f1": 0.5446345806121826,
  "test_acc": 0.6575999855995178,
  "test_f1": 0.43179166316986084,
  "test_prec": 0.4524043798446655,
  "test_rec": 0.4869160056114197,
  "train_time": 0.9404192879992479,
  "test_time": 0.022987378997640917,
  "total_time": 0.9634066669968888,
  "mem_mb": 635.53125
}