{
  "run_index": 2,
  "best_val_f1": 0.5434954762458801,
  "test_acc": 0.5930436849594116,
  "test_f1": 0.49970564246177673,
  "test_prec": 0.5806767344474792,
  "test_rec": 0.7648172378540039,
  "train_time": 20.47833251600241,
  "test_time": 0.19027886100229807,
  "total_time": 20.66861137700471,
  "mem_mb": 891.4765625
}