{
  "val_f1": [
    0.5393617391586304,
    0.00719216874265263
  ],
  "test_acc": [
    0.5792857885360718,
    0.007159503666538196
  ],
  "test_f1": [
    0.4935454189777374,
    0.0041734801682503115
  ],
  "test_prec": [
    0.5826864838600159,
    0.0017682756361385994
  ],
  "test_rec": [
    0.7669547080993653,
    0.0012376974646082178
  ],
  "train_time": [
    20.807315297999594,
    3.7495486531323228
  ],
  "test_time": [
    0.16560955480235862,
    0.01565080174560519
  ],
  "total_time": [
    20.972924852801953,
    3.746999635508089
  ],
  "mem_mb": [
    1002.99453125,
    121.83622719587233
  ],
  "num_runs": 5,
  "label": "Enhanced Dir-GCN (Gated, C1)"
}