{
  "run_index": 1,
  "best_val_f1": 0.69768887758255,
  "test_acc": 0.8295999765396118,
  "test_f1": 0.7862357497215271,
  "test_prec": 0.8653050661087036,
  "test_rec": 0.7633424997329712,
  "train_time": 6.729711578002025,
  "test_time": 0.051037888002611,
  "total_time": 6.780749466004636,
  "mem_mb": 780.46484375
}