{
  "run_index": 3,
  "best_val_f1": 0.769757091999054,
  "test_acc": 0.8482903838157654,
  "test_f1": 0.6015501022338867,
  "test_prec": 0.5825456976890564,
  "test_rec": 0.723459005355835,
  "train_time": 74.70961240399993,
  "test_time": 0.3597461650024343,
  "total_time": 75.06935856900236,
  "mem_mb": 2119.95703125
}