{
  "run_index": 1,
  "best_val_f1": 0.5379565954208374,
  "test_acc": 0.5757560133934021,
  "test_f1": 0.49193307757377625,
  "test_prec": 0.5832385420799255,
  "test_rec": 0.7679376602172852,
  "train_time": 35.26151797800412,
  "test_time": 0.2976046629992197,
  "total_time": 35.55912264100334,
  "mem_mb": 1178.27734375
}