{
  "run_index": 4,
  "best_val_f1": 0.5388752818107605,
  "test_acc": 0.9041696786880493,
  "test_f1": 0.49245259165763855,
  "test_prec": 0.5114875435829163,
  "test_rec": 0.5024827718734741,
  "train_time": 19.278950833002455,
  "test_time": 0.29811564899864607,
  "total_time": 19.5770664820011,
  "mem_mb": 1343.8984375
}