{
  "run_index": 2,
  "best_val_f1": 0.47835105657577515,
  "test_acc": 0.40560001134872437,
  "test_f1": 0.35216400027275085,
  "test_prec": 0.3621961176395416,
  "test_rec": 0.34677302837371826,
  "train_time": 0.7501926349978021,
  "test_time": 0.025558001001627417,
  "total_time": 0.7757506359994295,
  "mem_mb": 630.65625
}