{
  "val_f1": [
    0.5305465936660767,
    0.027845924988546572
  ],
  "test_acc": [
    0.616159999370575,
    0.10599851465729175
  ],
  "test_f1": [
    0.40635586977005006,
    0.03127310367161997
  ],
  "test_prec": [
    0.4747639298439026,
    0.1732199562670714
  ],
  "test_rec": [
    0.46868414878845216,
    0.06177655402545152
  ],
  "train_time": [
    0.8327471085998696,
    0.17923029862121856
  ],
  "test_time": [
    0.024004786599834915,
    0.001277816078513688
  ],
  "total_time": [
    0.8567518951997044,
    0.17899750937153366
  ],
  "mem_mb": [
    632.60625,
    2.388252499213599
  ],
  "num_runs": 5,
  "label": "Baseline Dir-GCN (C2)"
}