{
  "run_index": 4,
  "best_val_f1": 0.6866275072097778,
  "test_acc": 0.8687999844551086,
  "test_f1": 0.8288363218307495,
  "test_prec": 0.8875553011894226,
  "test_rec": 0.8016773462295532,
  "train_time": 6.149405482003203,
  "test_time": 0.05863174399928539,
  "total_time": 6.208037226002489,
  "mem_mb": 622.0859375
}