{
  "run_index": 3,
  "best_val_f1": 0.5445644855499268,
  "test_acc": 0.88930743932724,
  "test_f1": 0.5020446181297302,
  "test_prec": 0.5137939453125,
  "test_rec": 0.5057284235954285,
  "train_time": 14.36870376400475,
  "test_time": 0.16055706799670588,
  "total_time": 14.529260832001455,
  "mem_mb": 1627.16015625
}