{
  "run_index": 3,
  "best_val_f1": 0.5362821221351624,
  "test_acc": 0.9294094443321228,
  "test_f1": 0.5123295187950134,
  "test_prec": 0.5251847505569458,
  "test_rec": 0.5112046599388123,
  "train_time": 27.914738793999277,
  "test_time": 0.717734758000006,
  "total_time": 28.632473551999283,
  "mem_mb": 2429.41015625
}