{
  "run_index": 4,
  "best_val_f1": 0.6571524143218994,
  "test_acc": 0.8618268966674805,
  "test_f1": 0.5779848098754883,
  "test_prec": 0.5637351274490356,
  "test_rec": 0.6422768831253052,
  "train_time": 24.280034556999453,
  "test_time": 0.3164605450001545,
  "total_time": 24.596495101999608,
  "mem_mb": 1782.28515625
}