{
  "run_index": 3,
  "best_val_f1": 0.7688275575637817,
  "test_acc": 0.8575999736785889,
  "test_f1": 0.829161524772644,
  "test_prec": 0.8485925793647766,
  "test_rec": 0.816216230392456,
  "train_time": 5.896405982999568,
  "test_time": 0.0613291850022506,
  "total_time": 5.957735168001818,
  "mem_mb": 751.33203125
}