{
  "run_index": 3,
  "best_val_f1": 0.5423287153244019,
  "test_acc": 0.5750335454940796,
  "test_f1": 0.4912211000919342,
  "test_prec": 0.5828190445899963,
  "test_rec": 0.7667273879051208,
  "train_time": 20.193379033000383,
  "test_time": 0.27880972400453174,
  "total_time": 20.472188757004915,
  "mem_mb": 1674.609375
}