{
  "run_index": 4,
  "best_val_f1": 0.5365155339241028,
  "test_acc": 0.916451632976532,
  "test_f1": 0.48065614700317383,
  "test_prec": 0.5387144088745117,
  "test_rec": 0.5006577372550964,
  "train_time": 26.15780913299386,
  "test_time": 0.12963635600317502,
  "total_time": 26.287445488997037,
  "mem_mb": 1212.9296875
}