{
  "run_index": 4,
  "best_val_f1": 0.6024765968322754,
  "test_acc": 0.8213175535202026,
  "test_f1": 0.5570816993713379,
  "test_prec": 0.5528568625450134,
  "test_rec": 0.6533451080322266,
  "train_time": 43.21123809600249,
  "test_time": 0.71713730600095,
  "total_time": 43.92837540200344,
  "mem_mb": 2429.33203125
}