{
  "run_index": 2,
  "best_val_f1": 0.5292841792106628,
  "test_acc": 0.5940757393836975,
  "test_f1": 0.5003162622451782,
  "test_prec": 0.5806882977485657,
  "test_rec": 0.7648143172264099,
  "train_time": 70.40274753999984,
  "test_time": 0.2585378769945237,
  "total_time": 70.66128541699436,
  "mem_mb": 1178.1953125
}