{
  "run_index": 1,
  "best_val_f1": 0.48447999358177185,
  "test_acc": 0.9469568133354187,
  "test_f1": 0.48637792468070984,
  "test_prec": 0.4737159013748169,
  "test_rec": 0.49973541498184204,
  "train_time": 8.93782304600245,
  "test_time": 0.4355784360013786,
  "total_time": 9.373401482003828,
  "mem_mb": 2123.48828125
}