{
  "val_f1": [
    0.7372529029846191,
    0.04319327247638476
  ],
  "test_acc": [
    0.8470399975776672,
    0.03229621730884672
  ],
  "test_f1": [
    0.8192751169204712,
    0.0342577797429782
  ],
  "test_prec": [
    0.8348062634468079,
    0.04539008608784621
  ],
  "test_rec": [
    0.8102015614509582,
    0.026194311360623522
  ],
  "train_time": [
    4.997665954599507,
    1.4789154935053654
  ],
  "test_time": [
    0.05354522380002891,
    0.012422014068704563
  ],
  "total_time": [
    5.0512111783995355,
    1.4912888646591231
  ],
  "mem_mb": [
    737.559375,
    17.422030443533
  ],
  "num_runs": 5,
  "label": "Enhanced Dir-GCN (Gated, C3)"
}