{
  "run_index": 3,
  "best_val_f1": 0.5701394081115723,
  "test_acc": 0.8401685357093811,
  "test_f1": 0.5506883859634399,
  "test_prec": 0.5449945330619812,
  "test_rec": 0.6119201183319092,
  "train_time": 15.664091339996958,
  "test_time": 0.3193216220024624,
  "total_time": 15.98341296199942,
  "mem_mb": 1757.22265625
}