{
  "run_index": 1,
  "best_val_f1": 0.5723139643669128,
  "test_acc": 0.9197834134101868,
  "test_f1": 0.5699138641357422,
  "test_prec": 0.5751685500144958,
  "test_rec": 0.5656094551086426,
  "train_time": 22.099505884998507,
  "test_time": 0.6467887030012207,
  "total_time": 22.746294587999728,
  "mem_mb": 2172.1484375
}