{
  "run_index": 5,
  "best_val_f1": 0.7932916879653931,
  "test_acc": 0.9072496294975281,
  "test_f1": 0.6655690670013428,
  "test_prec": 0.6334810853004456,
  "test_rec": 0.7356464862823486,
  "train_time": 144.64737699200123,
  "test_time": 0.9678979390009772,
  "total_time": 145.6152749310022,
  "mem_mb": 2300.1171875
}