{
  "run_index": 4,
  "best_val_f1": 0.7823131680488586,
  "test_acc": 0.8849895000457764,
  "test_f1": 0.6318046450614929,
  "test_prec": 0.6039097309112549,
  "test_rec": 0.7175901532173157,
  "train_time": 114.23329172200101,
  "test_time": 0.9146011180018832,
  "total_time": 115.1478928400029,
  "mem_mb": 2300.3828125
}