{
  "run_index": 5,
  "best_val_f1": 0.7081886529922485,
  "test_acc": 0.8543999791145325,
  "test_f1": 0.8230705857276917,
  "test_prec": 0.8422284126281738,
  "test_rec": 0.8101154565811157,
  "train_time": 2.1133286679978482,
  "test_time": 0.029658904997631907,
  "total_time": 2.14298757299548,
  "mem_mb": 701.98828125
}