{
  "run_index": 4,
  "best_val_f1": 0.5405457019805908,
  "test_acc": 0.5724017024040222,
  "test_f1": 0.4874781370162964,
  "test_prec": 0.5810073018074036,
  "test_rec": 0.7669329643249512,
  "train_time": 5.961475293006515,
  "test_time": 0.10028871699614683,
  "total_time": 6.061764010002662,
  "mem_mb": 751.1171875
}