{
  "run_index": 1,
  "best_val_f1": 0.4873131513595581,
  "test_acc": 0.6543999910354614,
  "test_f1": 0.39555126428604126,
  "test_prec": 0.32746195793151855,
  "test_rec": 0.49938949942588806,
  "train_time": 1.8496981839998625,
  "test_time": 0.04042763400138938,
  "total_time": 1.890125818001252,
  "mem_mb": 687.94921875
}