{
  "run_index": 5,
  "best_val_f1": 0.7717961072921753,
  "test_acc": 0.8965206146240234,
  "test_f1": 0.645322322845459,
  "test_prec": 0.6157166957855225,
  "test_rec": 0.7200703620910645,
  "train_time": 54.615667096000834,
  "test_time": 0.3799315830001433,
  "total_time": 54.99559867900098,
  "mem_mb": 2120.16796875
}