{
  "run_index": 2,
  "best_val_f1": 0.7057921886444092,
  "test_acc": 0.777499258518219,
  "test_f1": 0.5462015271186829,
  "test_prec": 0.5545149445533752,
  "test_rec": 0.6960146427154541,
  "train_time": 94.17108662600003,
  "test_time": 0.4065164699968591,
  "total_time": 94.57760309599689,
  "mem_mb": 2221.84375
}