{
  "run_index": 5,
  "best_val_f1": 0.7710678577423096,
  "test_acc": 0.9278050661087036,
  "test_f1": 0.6959199905395508,
  "test_prec": 0.6701371073722839,
  "test_rec": 0.7347773909568787,
  "train_time": 158.74580090000018,
  "test_time": 0.5094215869976324,
  "total_time": 159.2552224869978,
  "mem_mb": 2172.40625
}