{
  "run_index": 2,
  "best_val_f1": 0.759297251701355,
  "test_acc": 0.8833851218223572,
  "test_f1": 0.6250708699226379,
  "test_prec": 0.5989223718643188,
  "test_rec": 0.7059280872344971,
  "train_time": 284.28188975500234,
  "test_time": 0.9614883729991561,
  "total_time": 285.2433781280015,
  "mem_mb": 2172.82421875
}