{
  "run_index": 2,
  "best_val_f1": 0.5189453363418579,
  "test_acc": 0.5755496025085449,
  "test_f1": 0.4894695281982422,
  "test_prec": 0.5808998942375183,
  "test_rec": 0.7657425999641418,
  "train_time": 51.31380807499954,
  "test_time": 0.14792025899805594,
  "total_time": 51.4617283339976,
  "mem_mb": 1224.75390625
}