{
  "val_f1": [
    0.5929234027862549,
    0.09029676788521325
  ],
  "test_acc": [
    0.7382400035858154,
    0.08049034881091831
  ],
  "test_f1": [
    0.5624748229980469,
    0.18764886337112513
  ],
  "test_prec": [
    0.6379655480384827,
    0.21634355057774543
  ],
  "test_rec": [
    0.6090759217739106,
    0.13424896688944665
  ],
  "train_time": [
    1.2578338026003621,
    0.9262067233598071
  ],
  "test_time": [
    0.026064448599208846,
    0.002186648345404146
  ],
  "total_time": [
    1.283898251199571,
    0.9274005358420201
  ],
  "mem_mb": [
    495.32421875,
    8.285944645127035
  ],
  "num_runs": 5,
  "label": "Baseline Dir-GCN (C1)"
}