{
  "val_f1": [
    0.5615635514259338,
    0.007137639740743725
  ],
  "test_acc": [
    0.8982853770256043,
    0.027574301021391096
  ],
  "test_f1": [
    0.545422226190567,
    0.03248632111437914
  ],
  "test_prec": [
    0.5400269210338593,
    0.03363840178563262
  ],
  "test_rec": [
    0.5625561475753784,
    0.03754901375776786
  ],
  "train_time": [
    23.38430810939972,
    4.078288224602536
  ],
  "test_time": [
    0.710653927801468,
    0.0324116451084338
  ],
  "total_time": [
    24.094962037201185,
    4.082934006364568
  ],
  "mem_mb": [
    2172.12890625,
    0.1119943061471207
  ],
  "num_runs": 5,
  "label": "Baseline Dir-GCN (C3)"
}