{
  "run_index": 2,
  "best_val_f1": 0.5325660705566406,
  "test_acc": 0.5984621644020081,
  "test_f1": 0.5015925765037537,
  "test_prec": 0.5787565112113953,
  "test_rec": 0.7581561803817749,
  "train_time": 27.02889824799786,
  "test_time": 0.19801808900228934,
  "total_time": 27.226916337000148,
  "mem_mb": 1746.53125
}